<?xml version="1.0" encoding="UTF-8"?>
<GenRun Id="impl_1" LaunchPart="xc7a35tcpg236-1" LaunchTime="1570241401">
  <File Type="PWROPT-DRC" Name="Decoder_structural_drc_pwropted.rpt"/>
  <File Type="OPT-METHODOLOGY-DRC" Name="Decoder_structural_methodology_drc_opted.rpt"/>
  <File Type="INIT-TIMING" Name="Decoder_structural_timing_summary_init.rpt"/>
  <File Type="ROUTE-PWR-RPX" Name="Decoder_structural_power_routed.rpx"/>
  <File Type="PA-TCL" Name="Decoder_structural.tcl"/>
  <File Type="OPT-HWDEF" Name="Decoder_structural.hwdef"/>
  <File Type="RDI-RDI" Name="Decoder_structural.vdi"/>
  <File Type="OPT-DCP" Name="Decoder_structural_opt.dcp"/>
  <File Type="OPT-DRC" Name="Decoder_structural_drc_opted.rpt"/>
  <File Type="OPT-TIMING" Name="Decoder_structural_timing_summary_opted.rpt"/>
  <File Type="PWROPT-DCP" Name="Decoder_structural_pwropt.dcp"/>
  <File Type="PWROPT-TIMING" Name="Decoder_structural_timing_summary_pwropted.rpt"/>
  <File Type="PLACE-DCP" Name="Decoder_structural_placed.dcp"/>
  <File Type="PLACE-IO" Name="Decoder_structural_io_placed.rpt"/>
  <File Type="PLACE-CLK" Name="Decoder_structural_clock_utilization_placed.rpt"/>
  <File Type="PLACE-UTIL" Name="Decoder_structural_utilization_placed.rpt"/>
  <File Type="PLACE-UTIL-PB" Name="Decoder_structural_utilization_placed.pb"/>
  <File Type="PLACE-CTRL" Name="Decoder_structural_control_sets_placed.rpt"/>
  <File Type="PLACE-SIMILARITY" Name="Decoder_structural_incremental_reuse_placed.rpt"/>
  <File Type="PLACE-PRE-SIMILARITY" Name="Decoder_structural_incremental_reuse_pre_placed.rpt"/>
  <File Type="PLACE-TIMING" Name="Decoder_structural_timing_summary_placed.rpt"/>
  <File Type="POSTPLACE-PWROPT-DCP" Name="Decoder_structural_postplace_pwropt.dcp"/>
  <File Type="POSTPLACE-PWROPT-TIMING" Name="Decoder_structural_timing_summary_postplace_pwropted.rpt"/>
  <File Type="PHYSOPT-DCP" Name="Decoder_structural_physopt.dcp"/>
  <File Type="PHYSOPT-DRC" Name="Decoder_structural_drc_physopted.rpt"/>
  <File Type="PHYSOPT-TIMING" Name="Decoder_structural_timing_summary_physopted.rpt"/>
  <File Type="ROUTE-ERROR-DCP" Name="Decoder_structural_routed_error.dcp"/>
  <File Type="ROUTE-DCP" Name="Decoder_structural_routed.dcp"/>
  <File Type="ROUTE-BLACKBOX-DCP" Name="Decoder_structural_routed_bb.dcp"/>
  <File Type="ROUTE-DRC" Name="Decoder_structural_drc_routed.rpt"/>
  <File Type="ROUTE-DRC-PB" Name="Decoder_structural_drc_routed.pb"/>
  <File Type="BG-BIN" Name="Decoder_structural.bin"/>
  <File Type="ROUTE-DRC-RPX" Name="Decoder_structural_drc_routed.rpx"/>
  <File Type="BG-DRC" Name="Decoder_structural.drc"/>
  <File Type="ROUTE-METHODOLOGY-DRC" Name="Decoder_structural_methodology_drc_routed.rpt"/>
  <File Type="BITSTR-MSK" Name="Decoder_structural.msk"/>
  <File Type="ROUTE-METHODOLOGY-DRC-RPX" Name="Decoder_structural_methodology_drc_routed.rpx"/>
  <File Type="BG-BGN" Name="Decoder_structural.bgn"/>
  <File Type="ROUTE-METHODOLOGY-DRC-PB" Name="Decoder_structural_methodology_drc_routed.pb"/>
  <File Type="ROUTE-PWR" Name="Decoder_structural_power_routed.rpt"/>
  <File Type="ROUTE-PWR-SUM" Name="Decoder_structural_power_summary_routed.pb"/>
  <File Type="ROUTE-STATUS" Name="Decoder_structural_route_status.rpt"/>
  <File Type="ROUTE-STATUS-PB" Name="Decoder_structural_route_status.pb"/>
  <File Type="ROUTE-TIMINGSUMMARY" Name="Decoder_structural_timing_summary_routed.rpt"/>
  <File Type="ROUTE-TIMING-PB" Name="Decoder_structural_timing_summary_routed.pb"/>
  <File Type="ROUTE-TIMING-RPX" Name="Decoder_structural_timing_summary_routed.rpx"/>
  <File Type="ROUTE-SIMILARITY" Name="Decoder_structural_incremental_reuse_routed.rpt"/>
  <File Type="ROUTE-CLK" Name="Decoder_structural_clock_utilization_routed.rpt"/>
  <File Type="POSTROUTE-PHYSOPT-DCP" Name="Decoder_structural_postroute_physopt.dcp"/>
  <File Type="POSTROUTE-PHYSOPT-BLACKBOX-DCP" Name="Decoder_structural_postroute_physopt_bb.dcp"/>
  <File Type="POSTROUTE-PHYSOPT-TIMING" Name="Decoder_structural_timing_summary_postroute_physopted.rpt"/>
  <File Type="POSTROUTE-PHYSOPT-TIMING-PB" Name="Decoder_structural_timing_summary_postroute_physopted.pb"/>
  <File Type="POSTROUTE-PHYSOPT-TIMING-RPX" Name="Decoder_structural_timing_summary_postroute_physopted.rpx"/>
  <File Type="BG-BIT" Name="Decoder_structural.bit"/>
  <File Type="BITSTR-RBT" Name="Decoder_structural.rbt"/>
  <File Type="BITSTR-NKY" Name="Decoder_structural.nky"/>
  <File Type="BITSTR-BMM" Name="Decoder_structural_bd.bmm"/>
  <File Type="BITSTR-MMI" Name="Decoder_structural.mmi"/>
  <File Type="BITSTR-SYSDEF" Name="Decoder_structural.sysdef"/>
  <File Type="WBT-USG" Name="usage_statistics_webtalk.html"/>
  <FileSet Name="sources" Type="DesignSrcs" RelSrcDir="$PSRCDIR/sources_1">
    <Filter Type="Srcs"/>
    <File Path="$PSRCDIR/sources_1/new/Decoder_structural.v">
      <FileInfo>
        <Attr Name="UsedIn" Val="synthesis"/>
        <Attr Name="UsedIn" Val="implementation"/>
        <Attr Name="UsedIn" Val="simulation"/>
      </FileInfo>
    </File>
    <Config>
      <Option Name="DesignMode" Val="RTL"/>
      <Option Name="TopModule" Val="Decoder_structural"/>
      <Option Name="TopAutoSet" Val="TRUE"/>
    </Config>
  </FileSet>
  <FileSet Name="constrs_in" Type="Constrs" RelSrcDir="$PSRCDIR/constrs_1">
    <Filter Type="Constrs"/>
    <File Path="$PSRCDIR/constrs_1/new/Decoder_constraints.xdc">
      <FileInfo>
        <Attr Name="UsedIn" Val="synthesis"/>
        <Attr Name="UsedIn" Val="implementation"/>
      </FileInfo>
    </File>
    <Config>
      <Option Name="ConstrsType" Val="XDC"/>
    </Config>
  </FileSet>
  <Strategy Version="1" Minor="2">
    <StratHandle Name="Vivado Implementation Defaults" Flow="Vivado Implementation 2017">
      <Desc>Default settings for Implementation.</Desc>
    </StratHandle>
    <Step Id="init_design"/>
    <Step Id="opt_design"/>
    <Step Id="power_opt_design"/>
    <Step Id="place_design"/>
    <Step Id="post_place_power_opt_design"/>
    <Step Id="phys_opt_design"/>
    <Step Id="route_design"/>
    <Step Id="post_route_phys_opt_design"/>
    <Step Id="write_bitstream"/>
  </Strategy>
</GenRun>
