<?xml version="1.0" encoding="UTF-8"?>
<GenRun Id="impl_1" LaunchPart="xc7a35tcpg236-1" LaunchTime="1571900202">
  <File Type="ROUTE-PWR-RPX" Name="call_system_power_routed.rpx"/>
  <File Type="PA-TCL" Name="call_system.tcl"/>
  <File Type="INIT-TIMING" Name="call_system_timing_summary_init.rpt"/>
  <File Type="OPT-METHODOLOGY-DRC" Name="call_system_methodology_drc_opted.rpt"/>
  <File Type="PWROPT-DRC" Name="call_system_drc_pwropted.rpt"/>
  <File Type="RDI-RDI" Name="call_system.vdi"/>
  <File Type="OPT-DCP" Name="call_system_opt.dcp"/>
  <File Type="OPT-HWDEF" Name="call_system.hwdef"/>
  <File Type="OPT-DRC" Name="call_system_drc_opted.rpt"/>
  <File Type="OPT-TIMING" Name="call_system_timing_summary_opted.rpt"/>
  <File Type="PWROPT-DCP" Name="call_system_pwropt.dcp"/>
  <File Type="PWROPT-TIMING" Name="call_system_timing_summary_pwropted.rpt"/>
  <File Type="PLACE-DCP" Name="call_system_placed.dcp"/>
  <File Type="PLACE-IO" Name="call_system_io_placed.rpt"/>
  <File Type="PLACE-CLK" Name="call_system_clock_utilization_placed.rpt"/>
  <File Type="PLACE-UTIL" Name="call_system_utilization_placed.rpt"/>
  <File Type="PLACE-UTIL-PB" Name="call_system_utilization_placed.pb"/>
  <File Type="PLACE-CTRL" Name="call_system_control_sets_placed.rpt"/>
  <File Type="PLACE-SIMILARITY" Name="call_system_incremental_reuse_placed.rpt"/>
  <File Type="PLACE-PRE-SIMILARITY" Name="call_system_incremental_reuse_pre_placed.rpt"/>
  <File Type="PLACE-TIMING" Name="call_system_timing_summary_placed.rpt"/>
  <File Type="POSTPLACE-PWROPT-DCP" Name="call_system_postplace_pwropt.dcp"/>
  <File Type="POSTPLACE-PWROPT-TIMING" Name="call_system_timing_summary_postplace_pwropted.rpt"/>
  <File Type="PHYSOPT-DCP" Name="call_system_physopt.dcp"/>
  <File Type="PHYSOPT-DRC" Name="call_system_drc_physopted.rpt"/>
  <File Type="PHYSOPT-TIMING" Name="call_system_timing_summary_physopted.rpt"/>
  <File Type="ROUTE-ERROR-DCP" Name="call_system_routed_error.dcp"/>
  <File Type="ROUTE-DCP" Name="call_system_routed.dcp"/>
  <File Type="ROUTE-BLACKBOX-DCP" Name="call_system_routed_bb.dcp"/>
  <File Type="ROUTE-DRC" Name="call_system_drc_routed.rpt"/>
  <File Type="ROUTE-DRC-PB" Name="call_system_drc_routed.pb"/>
  <File Type="ROUTE-DRC-RPX" Name="call_system_drc_routed.rpx"/>
  <File Type="BG-BIN" Name="call_system.bin"/>
  <File Type="ROUTE-METHODOLOGY-DRC" Name="call_system_methodology_drc_routed.rpt"/>
  <File Type="BG-DRC" Name="call_system.drc"/>
  <File Type="ROUTE-METHODOLOGY-DRC-RPX" Name="call_system_methodology_drc_routed.rpx"/>
  <File Type="BITSTR-MSK" Name="call_system.msk"/>
  <File Type="ROUTE-METHODOLOGY-DRC-PB" Name="call_system_methodology_drc_routed.pb"/>
  <File Type="BG-BGN" Name="call_system.bgn"/>
  <File Type="ROUTE-PWR" Name="call_system_power_routed.rpt"/>
  <File Type="ROUTE-PWR-SUM" Name="call_system_power_summary_routed.pb"/>
  <File Type="ROUTE-STATUS" Name="call_system_route_status.rpt"/>
  <File Type="ROUTE-STATUS-PB" Name="call_system_route_status.pb"/>
  <File Type="ROUTE-TIMINGSUMMARY" Name="call_system_timing_summary_routed.rpt"/>
  <File Type="ROUTE-TIMING-PB" Name="call_system_timing_summary_routed.pb"/>
  <File Type="ROUTE-TIMING-RPX" Name="call_system_timing_summary_routed.rpx"/>
  <File Type="ROUTE-SIMILARITY" Name="call_system_incremental_reuse_routed.rpt"/>
  <File Type="ROUTE-CLK" Name="call_system_clock_utilization_routed.rpt"/>
  <File Type="POSTROUTE-PHYSOPT-DCP" Name="call_system_postroute_physopt.dcp"/>
  <File Type="POSTROUTE-PHYSOPT-BLACKBOX-DCP" Name="call_system_postroute_physopt_bb.dcp"/>
  <File Type="POSTROUTE-PHYSOPT-TIMING" Name="call_system_timing_summary_postroute_physopted.rpt"/>
  <File Type="POSTROUTE-PHYSOPT-TIMING-PB" Name="call_system_timing_summary_postroute_physopted.pb"/>
  <File Type="POSTROUTE-PHYSOPT-TIMING-RPX" Name="call_system_timing_summary_postroute_physopted.rpx"/>
  <File Type="BG-BIT" Name="call_system.bit"/>
  <File Type="BITSTR-RBT" Name="call_system.rbt"/>
  <File Type="BITSTR-NKY" Name="call_system.nky"/>
  <File Type="BITSTR-BMM" Name="call_system_bd.bmm"/>
  <File Type="BITSTR-MMI" Name="call_system.mmi"/>
  <File Type="BITSTR-SYSDEF" Name="call_system.sysdef"/>
  <File Type="WBT-USG" Name="usage_statistics_webtalk.html"/>
  <FileSet Name="sources" Type="DesignSrcs" RelSrcDir="$PSRCDIR/sources_1">
    <Filter Type="Srcs"/>
    <File Path="$PSRCDIR/sources_1/new/call_system.v">
      <FileInfo>
        <Attr Name="UsedIn" Val="synthesis"/>
        <Attr Name="UsedIn" Val="implementation"/>
        <Attr Name="UsedIn" Val="simulation"/>
      </FileInfo>
    </File>
    <Config>
      <Option Name="DesignMode" Val="RTL"/>
      <Option Name="TopModule" Val="call_system"/>
      <Option Name="TopAutoSet" Val="TRUE"/>
    </Config>
  </FileSet>
  <FileSet Name="constrs_in" Type="Constrs" RelSrcDir="$PSRCDIR/constrs_1">
    <Filter Type="Constrs"/>
    <File Path="$PSRCDIR/constrs_1/new/constraints_call_system.xdc">
      <FileInfo>
        <Attr Name="UsedIn" Val="synthesis"/>
        <Attr Name="UsedIn" Val="implementation"/>
      </FileInfo>
    </File>
    <Config>
      <Option Name="ConstrsType" Val="XDC"/>
    </Config>
  </FileSet>
  <Strategy Version="1" Minor="2">
    <StratHandle Name="Vivado Implementation Defaults" Flow="Vivado Implementation 2017"/>
    <Step Id="init_design"/>
    <Step Id="opt_design"/>
    <Step Id="power_opt_design"/>
    <Step Id="place_design"/>
    <Step Id="post_place_power_opt_design"/>
    <Step Id="phys_opt_design"/>
    <Step Id="route_design"/>
    <Step Id="post_route_phys_opt_design"/>
    <Step Id="write_bitstream"/>
  </Strategy>
</GenRun>
