<?xml version="1.0" encoding="UTF-8"?>
<GenRun Id="impl_1" LaunchPart="xc7a35tcpg236-1" LaunchTime="1570268615">
  <File Type="PWROPT-DRC" Name="structural_SW_drc_pwropted.rpt"/>
  <File Type="OPT-METHODOLOGY-DRC" Name="structural_SW_methodology_drc_opted.rpt"/>
  <File Type="INIT-TIMING" Name="structural_SW_timing_summary_init.rpt"/>
  <File Type="ROUTE-PWR-RPX" Name="structural_SW_power_routed.rpx"/>
  <File Type="PA-TCL" Name="structural_SW.tcl"/>
  <File Type="OPT-HWDEF" Name="structural_SW.hwdef"/>
  <File Type="RDI-RDI" Name="structural_SW.vdi"/>
  <File Type="OPT-DCP" Name="structural_SW_opt.dcp"/>
  <File Type="OPT-DRC" Name="structural_SW_drc_opted.rpt"/>
  <File Type="OPT-TIMING" Name="structural_SW_timing_summary_opted.rpt"/>
  <File Type="PWROPT-DCP" Name="structural_SW_pwropt.dcp"/>
  <File Type="PWROPT-TIMING" Name="structural_SW_timing_summary_pwropted.rpt"/>
  <File Type="PLACE-DCP" Name="structural_SW_placed.dcp"/>
  <File Type="PLACE-IO" Name="structural_SW_io_placed.rpt"/>
  <File Type="PLACE-CLK" Name="structural_SW_clock_utilization_placed.rpt"/>
  <File Type="PLACE-UTIL" Name="structural_SW_utilization_placed.rpt"/>
  <File Type="PLACE-UTIL-PB" Name="structural_SW_utilization_placed.pb"/>
  <File Type="PLACE-CTRL" Name="structural_SW_control_sets_placed.rpt"/>
  <File Type="PLACE-SIMILARITY" Name="structural_SW_incremental_reuse_placed.rpt"/>
  <File Type="PLACE-PRE-SIMILARITY" Name="structural_SW_incremental_reuse_pre_placed.rpt"/>
  <File Type="PLACE-TIMING" Name="structural_SW_timing_summary_placed.rpt"/>
  <File Type="POSTPLACE-PWROPT-DCP" Name="structural_SW_postplace_pwropt.dcp"/>
  <File Type="POSTPLACE-PWROPT-TIMING" Name="structural_SW_timing_summary_postplace_pwropted.rpt"/>
  <File Type="PHYSOPT-DCP" Name="structural_SW_physopt.dcp"/>
  <File Type="PHYSOPT-DRC" Name="structural_SW_drc_physopted.rpt"/>
  <File Type="PHYSOPT-TIMING" Name="structural_SW_timing_summary_physopted.rpt"/>
  <File Type="ROUTE-ERROR-DCP" Name="structural_SW_routed_error.dcp"/>
  <File Type="ROUTE-DCP" Name="structural_SW_routed.dcp"/>
  <File Type="ROUTE-BLACKBOX-DCP" Name="structural_SW_routed_bb.dcp"/>
  <File Type="ROUTE-DRC" Name="structural_SW_drc_routed.rpt"/>
  <File Type="ROUTE-DRC-PB" Name="structural_SW_drc_routed.pb"/>
  <File Type="BG-BIN" Name="structural_SW.bin"/>
  <File Type="ROUTE-DRC-RPX" Name="structural_SW_drc_routed.rpx"/>
  <File Type="BG-DRC" Name="structural_SW.drc"/>
  <File Type="ROUTE-METHODOLOGY-DRC" Name="structural_SW_methodology_drc_routed.rpt"/>
  <File Type="BITSTR-MSK" Name="structural_SW.msk"/>
  <File Type="ROUTE-METHODOLOGY-DRC-RPX" Name="structural_SW_methodology_drc_routed.rpx"/>
  <File Type="BG-BGN" Name="structural_SW.bgn"/>
  <File Type="ROUTE-METHODOLOGY-DRC-PB" Name="structural_SW_methodology_drc_routed.pb"/>
  <File Type="ROUTE-PWR" Name="structural_SW_power_routed.rpt"/>
  <File Type="ROUTE-PWR-SUM" Name="structural_SW_power_summary_routed.pb"/>
  <File Type="ROUTE-STATUS" Name="structural_SW_route_status.rpt"/>
  <File Type="ROUTE-STATUS-PB" Name="structural_SW_route_status.pb"/>
  <File Type="ROUTE-TIMINGSUMMARY" Name="structural_SW_timing_summary_routed.rpt"/>
  <File Type="ROUTE-TIMING-PB" Name="structural_SW_timing_summary_routed.pb"/>
  <File Type="ROUTE-TIMING-RPX" Name="structural_SW_timing_summary_routed.rpx"/>
  <File Type="ROUTE-SIMILARITY" Name="structural_SW_incremental_reuse_routed.rpt"/>
  <File Type="ROUTE-CLK" Name="structural_SW_clock_utilization_routed.rpt"/>
  <File Type="POSTROUTE-PHYSOPT-DCP" Name="structural_SW_postroute_physopt.dcp"/>
  <File Type="POSTROUTE-PHYSOPT-BLACKBOX-DCP" Name="structural_SW_postroute_physopt_bb.dcp"/>
  <File Type="POSTROUTE-PHYSOPT-TIMING" Name="structural_SW_timing_summary_postroute_physopted.rpt"/>
  <File Type="POSTROUTE-PHYSOPT-TIMING-PB" Name="structural_SW_timing_summary_postroute_physopted.pb"/>
  <File Type="POSTROUTE-PHYSOPT-TIMING-RPX" Name="structural_SW_timing_summary_postroute_physopted.rpx"/>
  <File Type="BG-BIT" Name="structural_SW.bit"/>
  <File Type="BITSTR-RBT" Name="structural_SW.rbt"/>
  <File Type="BITSTR-NKY" Name="structural_SW.nky"/>
  <File Type="BITSTR-BMM" Name="structural_SW_bd.bmm"/>
  <File Type="BITSTR-MMI" Name="structural_SW.mmi"/>
  <File Type="BITSTR-SYSDEF" Name="structural_SW.sysdef"/>
  <File Type="WBT-USG" Name="usage_statistics_webtalk.html"/>
  <FileSet Name="sources" Type="DesignSrcs" RelSrcDir="$PSRCDIR/sources_1">
    <Filter Type="Srcs"/>
    <File Path="$PSRCDIR/sources_1/new/structural_SW.v">
      <FileInfo>
        <Attr Name="UsedIn" Val="synthesis"/>
        <Attr Name="UsedIn" Val="implementation"/>
        <Attr Name="UsedIn" Val="simulation"/>
      </FileInfo>
    </File>
    <Config>
      <Option Name="DesignMode" Val="RTL"/>
      <Option Name="TopModule" Val="structural_SW"/>
      <Option Name="TopAutoSet" Val="TRUE"/>
    </Config>
  </FileSet>
  <FileSet Name="constrs_in" Type="Constrs" RelSrcDir="$PSRCDIR/constrs_1">
    <Filter Type="Constrs"/>
    <File Path="$PSRCDIR/constrs_1/new/SW_constraints.xdc">
      <FileInfo>
        <Attr Name="UsedIn" Val="synthesis"/>
        <Attr Name="UsedIn" Val="implementation"/>
      </FileInfo>
    </File>
    <Config>
      <Option Name="ConstrsType" Val="XDC"/>
    </Config>
  </FileSet>
  <Strategy Version="1" Minor="2">
    <StratHandle Name="Vivado Implementation Defaults" Flow="Vivado Implementation 2017">
      <Desc>Default settings for Implementation.</Desc>
    </StratHandle>
    <Step Id="init_design"/>
    <Step Id="opt_design"/>
    <Step Id="power_opt_design"/>
    <Step Id="place_design"/>
    <Step Id="post_place_power_opt_design"/>
    <Step Id="phys_opt_design"/>
    <Step Id="route_design"/>
    <Step Id="post_route_phys_opt_design"/>
    <Step Id="write_bitstream"/>
  </Strategy>
</GenRun>
