<?xml version="1.0" encoding="UTF-8"?>
<GenRun Id="impl_1" LaunchPart="xc7a35tcpg236-1" LaunchTime="1572057906">
  <File Type="PWROPT-DRC" Name="edge_detector_drc_pwropted.rpt"/>
  <File Type="OPT-METHODOLOGY-DRC" Name="edge_detector_methodology_drc_opted.rpt"/>
  <File Type="INIT-TIMING" Name="edge_detector_timing_summary_init.rpt"/>
  <File Type="ROUTE-PWR-RPX" Name="edge_detector_power_routed.rpx"/>
  <File Type="PA-TCL" Name="edge_detector.tcl"/>
  <File Type="OPT-HWDEF" Name="edge_detector.hwdef"/>
  <File Type="RDI-RDI" Name="edge_detector.vdi"/>
  <File Type="OPT-DCP" Name="edge_detector_opt.dcp"/>
  <File Type="OPT-DRC" Name="edge_detector_drc_opted.rpt"/>
  <File Type="OPT-TIMING" Name="edge_detector_timing_summary_opted.rpt"/>
  <File Type="PWROPT-DCP" Name="edge_detector_pwropt.dcp"/>
  <File Type="PWROPT-TIMING" Name="edge_detector_timing_summary_pwropted.rpt"/>
  <File Type="PLACE-DCP" Name="edge_detector_placed.dcp"/>
  <File Type="PLACE-IO" Name="edge_detector_io_placed.rpt"/>
  <File Type="PLACE-CLK" Name="edge_detector_clock_utilization_placed.rpt"/>
  <File Type="PLACE-UTIL" Name="edge_detector_utilization_placed.rpt"/>
  <File Type="PLACE-UTIL-PB" Name="edge_detector_utilization_placed.pb"/>
  <File Type="PLACE-CTRL" Name="edge_detector_control_sets_placed.rpt"/>
  <File Type="PLACE-SIMILARITY" Name="edge_detector_incremental_reuse_placed.rpt"/>
  <File Type="PLACE-PRE-SIMILARITY" Name="edge_detector_incremental_reuse_pre_placed.rpt"/>
  <File Type="PLACE-TIMING" Name="edge_detector_timing_summary_placed.rpt"/>
  <File Type="POSTPLACE-PWROPT-DCP" Name="edge_detector_postplace_pwropt.dcp"/>
  <File Type="POSTPLACE-PWROPT-TIMING" Name="edge_detector_timing_summary_postplace_pwropted.rpt"/>
  <File Type="PHYSOPT-DCP" Name="edge_detector_physopt.dcp"/>
  <File Type="PHYSOPT-DRC" Name="edge_detector_drc_physopted.rpt"/>
  <File Type="PHYSOPT-TIMING" Name="edge_detector_timing_summary_physopted.rpt"/>
  <File Type="ROUTE-ERROR-DCP" Name="edge_detector_routed_error.dcp"/>
  <File Type="ROUTE-DCP" Name="edge_detector_routed.dcp"/>
  <File Type="ROUTE-BLACKBOX-DCP" Name="edge_detector_routed_bb.dcp"/>
  <File Type="ROUTE-DRC" Name="edge_detector_drc_routed.rpt"/>
  <File Type="ROUTE-DRC-PB" Name="edge_detector_drc_routed.pb"/>
  <File Type="BG-BIN" Name="edge_detector.bin"/>
  <File Type="ROUTE-DRC-RPX" Name="edge_detector_drc_routed.rpx"/>
  <File Type="BG-DRC" Name="edge_detector.drc"/>
  <File Type="ROUTE-METHODOLOGY-DRC" Name="edge_detector_methodology_drc_routed.rpt"/>
  <File Type="BITSTR-MSK" Name="edge_detector.msk"/>
  <File Type="ROUTE-METHODOLOGY-DRC-RPX" Name="edge_detector_methodology_drc_routed.rpx"/>
  <File Type="BG-BGN" Name="edge_detector.bgn"/>
  <File Type="ROUTE-METHODOLOGY-DRC-PB" Name="edge_detector_methodology_drc_routed.pb"/>
  <File Type="ROUTE-PWR" Name="edge_detector_power_routed.rpt"/>
  <File Type="ROUTE-PWR-SUM" Name="edge_detector_power_summary_routed.pb"/>
  <File Type="ROUTE-STATUS" Name="edge_detector_route_status.rpt"/>
  <File Type="ROUTE-STATUS-PB" Name="edge_detector_route_status.pb"/>
  <File Type="ROUTE-TIMINGSUMMARY" Name="edge_detector_timing_summary_routed.rpt"/>
  <File Type="ROUTE-TIMING-PB" Name="edge_detector_timing_summary_routed.pb"/>
  <File Type="ROUTE-TIMING-RPX" Name="edge_detector_timing_summary_routed.rpx"/>
  <File Type="ROUTE-SIMILARITY" Name="edge_detector_incremental_reuse_routed.rpt"/>
  <File Type="ROUTE-CLK" Name="edge_detector_clock_utilization_routed.rpt"/>
  <File Type="POSTROUTE-PHYSOPT-DCP" Name="edge_detector_postroute_physopt.dcp"/>
  <File Type="POSTROUTE-PHYSOPT-BLACKBOX-DCP" Name="edge_detector_postroute_physopt_bb.dcp"/>
  <File Type="POSTROUTE-PHYSOPT-TIMING" Name="edge_detector_timing_summary_postroute_physopted.rpt"/>
  <File Type="POSTROUTE-PHYSOPT-TIMING-PB" Name="edge_detector_timing_summary_postroute_physopted.pb"/>
  <File Type="POSTROUTE-PHYSOPT-TIMING-RPX" Name="edge_detector_timing_summary_postroute_physopted.rpx"/>
  <File Type="BG-BIT" Name="edge_detector.bit"/>
  <File Type="BITSTR-RBT" Name="edge_detector.rbt"/>
  <File Type="BITSTR-NKY" Name="edge_detector.nky"/>
  <File Type="BITSTR-BMM" Name="edge_detector_bd.bmm"/>
  <File Type="BITSTR-MMI" Name="edge_detector.mmi"/>
  <File Type="BITSTR-SYSDEF" Name="edge_detector.sysdef"/>
  <File Type="WBT-USG" Name="usage_statistics_webtalk.html"/>
  <FileSet Name="sources" Type="DesignSrcs" RelSrcDir="$PSRCDIR/sources_1">
    <Filter Type="Srcs"/>
    <File Path="$PSRCDIR/sources_1/new/clkdiv.v">
      <FileInfo>
        <Attr Name="UsedIn" Val="synthesis"/>
        <Attr Name="UsedIn" Val="implementation"/>
        <Attr Name="UsedIn" Val="simulation"/>
      </FileInfo>
    </File>
    <File Path="$PSRCDIR/sources_1/new/edge_detector.v">
      <FileInfo>
        <Attr Name="UsedIn" Val="synthesis"/>
        <Attr Name="UsedIn" Val="implementation"/>
        <Attr Name="UsedIn" Val="simulation"/>
      </FileInfo>
    </File>
    <Config>
      <Option Name="DesignMode" Val="RTL"/>
      <Option Name="TopModule" Val="edge_detector"/>
    </Config>
  </FileSet>
  <FileSet Name="constrs_in" Type="Constrs" RelSrcDir="$PSRCDIR/constrs_1">
    <Filter Type="Constrs"/>
    <File Path="$PSRCDIR/constrs_1/new/constraint_edge_detector.xdc">
      <FileInfo>
        <Attr Name="UsedIn" Val="synthesis"/>
        <Attr Name="UsedIn" Val="implementation"/>
      </FileInfo>
    </File>
    <Config>
      <Option Name="ConstrsType" Val="XDC"/>
    </Config>
  </FileSet>
  <Strategy Version="1" Minor="2">
    <StratHandle Name="Vivado Implementation Defaults" Flow="Vivado Implementation 2017"/>
    <Step Id="init_design"/>
    <Step Id="opt_design"/>
    <Step Id="power_opt_design"/>
    <Step Id="place_design"/>
    <Step Id="post_place_power_opt_design"/>
    <Step Id="phys_opt_design"/>
    <Step Id="route_design"/>
    <Step Id="post_route_phys_opt_design"/>
    <Step Id="write_bitstream"/>
  </Strategy>
</GenRun>
